artist_slug,artist_name,song_id,title,url,text,word_count,english_ratio,n_english_lines,n_total_lines,featured_artists
mala_rodríguez,Mala Rodríguez,3957465,Contigo,https://genius.com/Mala-rodriguez-contigo-lyrics,"She give it up when me call her up
She run away even when I stuck around
And she don't want no other man but me
Number one, she one of a kind
She know how she blew my mind
Girl, you and me agree (agree)
When you're not around me, bring me contigo
When you're not around me, bring me contigo
When you're not around me, bring me contigo
She give it up when me calle her up
She run away even when me stuck around
And she don't want no other man but me
Number one, she one of a kind
She know how she blow my mind
Girl, you and me agree",115,0.2205882352941176,15,68,Stylo G
mala_rodríguez,Mala Rodríguez,10405809,Pa Que Sude (Gonna Make You Sweat/Chosen Few Mix) [Global Version],https://genius.com/Mala-rodriguez-jon-z-and-boy-wonder-cf-pa-que-sude-gonna-make-you-sweat-chosen-few-mix-global-version-lyrics,"And the boys say wow
Forget about the street
And get about your seat
You do whatever you feel
It’s all about the beat
They real affectionate
I prepare for that
And I care for that
This was a rough year baby
I swear for that
Let’s cheer for that
Besides that, we ain’t even get introduced yet
Dipset in the building
The Asian Bailando Like she a stripper (i like her)
You can catch the big pachote in a new porsche
Or show me that dinero, this aint a freestyle
She gon dance to an OPS, if he hurt
Its getting fuego, had to take off the Pele (we need AC)
I’ll be back i had to take off to LA
Still parks and tapas, right in front the Deli
Rewire",132,0.1363636363636363,21,154,Jadakiss; Shootter Ledo; Nino Freestyle; POCAH; Vegedream; Jim Jones; Maikel Delacalle
arca,Arca,5331787,Nonbinary,https://genius.com/Arca-nonbinary-lyrics,"Hips to move it around and make shapes, yes
Trim the waste off and the waist down, girl, it's lift off
Do you want a taste?
I don't give a fuck what you think
You don't know me
You might owe me
But, bitch, you'll never know me
Ask me how I got here
Bitch, I worked hard
Ask me about my luck
Yeah, I've been lucky
And I've been unlucky
It's both
Don't put your shit on me
Bitch, I'm special, you can't tell me otherwise
That'd be a lie
Who do you think I am?
It's not who do you think you're dealing with, no
'Cause you're not ""dealing with""
There's no deal
Bitch, it's real on my side
Go ahead, speak for yourself
Go ahead, speak for yourself
Cast the first stone
Speak for your self-states
Speak for your self-states
Speak for your self-states
Speak for your self-states
Speak for your self, self-states
Move for your self-states
Speak for your self-states
Speak for your self-states
Speak for your self-states
Move for your self
I can be friendly or I can be fake
I can be real or I can lick a taste
What's it gonna take?
I can be sexy or I could be sad
Act bad just to be sweet
It is to be",218,0.8,40,50,
arca,Arca,5401191,Electra Rex,https://genius.com/Arca-electra-rex-lyrics,"Are you wildin' while we warp the text?
Didn't we mention that we would?
Didn't we mention that we would fuck it up best? (Best)
Didn't we mention that we would?
Didn't we mention that we would fuck it up best?
While we find a friend or foe to clap your sex against
Find a friend or foe, foe, foe to clap, clap, clap your sex against
Find a friend or foe
To the beat, let your hips go
To the beat, let your hips go
Wet and hot and heavy while we smash the test
I'm drowning in flores, girl
Forgetting to breathe, I seethe and teethe
On the back of my throat
You're pressing my clit and my petals are heavy
You're ready to blow, should I blow?
Should I blow?
Should I?
Should I?
Should I?
Should I blow?
Should I?
Should I blow?
Should I blow?
Should I blow?
Should I?
Should I?
Should I?
Should I blow?
Should I?
Should I blow?
Should I blow?
Should I blow?
Should I?
Should I?
Should I blow?
Should I?
Should I blow?
Should I blow?
Should I blow?
Should I?
Should I?
Should I?
Should I blow?
Should I?
Should I?",204,0.8518518518518519,46,54,
arca,Arca,2376807,Brokeup,https://genius.com/Arca-brokeup-lyrics,"Uh, uh, swear, man, get off
Waitin' for my flight to take off
We're gonna faint and break up
Uhuh, I'll push and pull it out, breed it, more
I'll push and pull it out
It's too much for me to take
It's too much for me to take
I'll push and pull it out, wait
It's too much for me to take
It's too much for me to take, okay?
Smeared makeup, waiting for breath take off
I'm a little bit twisted
I'm a little bit twisted
Baby, I don't feel my body leaning
Worst comes to worst
I'm feeling like a natural heathen
Superstition, blood, I'm paused
I'll push it
It's too much for me to take
It's too much for me to take
Swear, man, get off
Waitin' for my flight to take off
We're gonna faint and break up
I'll push and pull it out, breed it
It's too much for me to take
It's too much for me to take
It's too much",168,0.6428571428571429,27,42,
arca,Arca,5369735,Watch,https://genius.com/Arca-watch-lyrics,"Too hot for the night
I'm loose, can't even act right
Two shots and a guy my height
Real talk, that's rude
I forget you don't know that I move like this
A girl like me on a flex daily
It's a lot, it's a lot
When I know my mind
Do I look bad breed?
'Cause I ain't got time
Your chick knows I come through ruthless
Come through with your chest, don't gas
You're a baddy doing bits
Or you wet like the rest?
Too hot for the night
I'm loose, can't even act right
Real talk, that's rude
I forget you don't know that I move like this
A girl like me on a flex daily
It's a lot, it's a lot
When I know my mind
Do I look bad breed?
'Cause I ain't got time
Your chick knows I come through ruthless
Come through with your chest, don't gas
You're a baddy doing bits
Or you wet like the rest?
I'm, I'm too hot for the night
But, but I might
I'm too hot for the night
I'm, but, I'm, but I might
I'm, I'm too hot for the night
But, but I might
I'm, I'm too hot for the night
But, I'm, but I might
I'm too hot for the night
But, but I might
Too hot for the night
But, but I might
I'm, I'm, but (Uh, uh), but I might
I'm too hot for the night
I'm, but, I'm, but I might
I'm, I'm
Go lit, go off
Just, just",258,0.8823529411764706,45,51,Shygirl
arca,Arca,7257557,Born Yesterday,https://genius.com/Arca-and-sia-born-yesterday-lyrics,"Something's wrong and I can feel it
Then we will drown here in it all
'Cause you can't look me in the eye anymore
And if you do, it's clear inside
But you can't hide your shame tonight
And I can't take the words you cannot say
So hush now and don't cry
Mistakes are part of life
I wasn't born yesterday
And I see it on your face
I wasn't born yesterday
And I am not your baby anymore
You took my heart and now it's broken
So take your things, you gotta go now
Don't say a word or it might go down, go down, go down
And I'll stay cool until you walk out
But when you're gone, I'll lie here hoping that I will not drown
But you can't hide your shame tonight
And I can't take the words you cannot say
So hush now and don't cry
Mistakes are part of life
I wasn't born yesterday
And I see it on your face
I wasn't born yesterday
And I am not your baby anymore
You took my heart and now it's broken
I ain't your baby anymore (Don't call me baby)
Don't say a word because I know (Don't call me baby)
I ain't your baby anymore (Don't call me baby)
So save the word because I know (Don't call me baby)",227,0.8333333333333334,30,36,
arca,Arca,5394622,Crown,https://genius.com/Arca-crown-lyrics,"The lines, the lines
Hips shift, uh, from side to side
How could it fit inside a body so petite?
Why would she flip? How could she flip?
How could she flip it all upside down?
She wears her crown
How could it fit inside a body so petite?
Why would she flip? How could she flip?
How could she flip it all upside down?
She wears her crown (Kick)
She wears her crown (Kick)
Uh, from side to side (Kick)
How could it fit?
How could it fit inside a body so petite?
Why would she flip? How could she flip?
How could she flip it all upside down?
She wears her crown
She wears her crown",118,0.6428571428571429,18,28,
arca,Arca,11730156,Puta,https://genius.com/Arca-puta-lyrics,"Rip hit lick shots
I am that bitch
Now-now, I know
How it goes
Boy, I'm looking for a heavy hitter
I'm a taste of broken doll sugar
Honey, you can put it in reverse
Pull a Glock from my purse
Lick my lips, and what's worse?
That's why you love her
You can put it in your mouth
Yes, you can put it in your mouth
Rip hit lick shots
I am that bitch
Now-now I know
How it goes
It gets me off, gives me relief
You could crush me with one finger
Daddy, tempt me
Rip hit lick shots
I am that bitch
Mi-milk you go
Now-now I know
How it goes",115,0.32,24,75,
arca,Arca,7402142,Queer,https://genius.com/Arca-queer-lyrics,"I got tears, but tears of fire
I got tears like a queer
Tears I'll shower in my time (Igual), like magic
All light, queer fire, shower in power line
Tears I'll shower in my time, like magic
Queer life, queer fire, shower in power line
I got tears, but tears of fire
I got tears like a queer
I will shower, I will shower, I will shower you in tears of fire
I will shower, I will shower, I will shower you in tears of fire
I will shower you, I will shower you, I will shower you in tears of fire
I will shower you, I will shower you, I will shower you in tears of fire",119,0.5,12,24,Planningtorock
arca,Arca,6286354,Lost Woman Found,https://genius.com/Arca-lost-woman-found-lyrics,"I'm looking for a miracle
I'm looking for a miracle, ah
Girl, I'm looking for a miracle to cast down my fears
And girl, I'm looking for a miracle, I've been walking, so lost
And it feels like the road
'Cause it’s my own now, it is my own now
Lost woman found, waiting for my time to come
And girl, I've found a miracle, a changing kind
And change in kind from a world that had once
Met me with greed, I finally have something to say
You can find out on your own
What it means to be mutant
What it means to recognize the alien inside
The abject, erect, hoping to let you go",117,0.875,14,16,
arca,Arca,5603620,Witch,https://genius.com/Arca-witch-lyrics,"This witch is so seductive, elective, and protective
This witch is so seductive, elective, and protective
This witch is so seductive, elective, and protective
This witch is so seductive, elective, and protective
This witch is so seductive, elective, and protective
This witch is so seductive, elective, and protective
This witch is so seductive, elective, and protective
How they make you objects, more ludicrous words
How they make you objects, more ludicrous words
How they make you objects, more ludicrous words
How they make you objects, more ludicrous words
I'm with my fucking machine
They're asking, ""What have you seen?""
This witch is so seductive, elective, and protective
This witch is so seductive, elective, and protective
This witch is so seductive, elective, and protective
How they make you objects, more ludicrous words
How they make you objects, more ludicrous words
I'm with my fucking machine
They're asking, ""What have you seen?""",150,0.7407407407407407,20,27,No Bra
arca,Arca,7372738,Intimate Flesh,https://genius.com/Arca-intimate-flesh-lyrics,"Who's that match who you took out?
Pity the fool, pity the fool, pity the fool
Pity the fool, pity the fool
Pity the fool, pity the fool, pity the fool
Who's that match who you took out?
Pity the fool, pity the fool, pity the fool
Pity the fool, pity the fool
Pity the fool, pity the fool, pity the fool
Pity the fool, pity the fool, pity the fool
Hey, I'm feeling so sexy
I don't know what to do
I'm feeling so hot from the inside out
I tend to twist and shout
Attention, about
Waste no further time
I've become accustomed to you
You are my reason to be
Maybe we can achieve the unthinkable",119,0.6923076923076923,18,26,
arca,Arca,2376802,2 Blunted,https://genius.com/Arca-2-blunted-lyrics,"I'm feeling crazy, and I
I'm kinda faded, but I
I'm just too blunted, mane, we all too blunted
I'm finna stunt the drop top to push the lot back down
Pop that pussy
I'mma hit it, 'cause, love, when I hit it up
I'm feelin' super high, I'm finna touch the sky
Higher, won't you climb higher?
This thing that you desire is here in my eyes
You got me faded and I'm feelin' like we made it
Like you just got hot, and this my number one, hun
I can put you up, all night, I'mma take you with
I like it
You got me faded and I'm feelin' like we made it
Like you just got hot, and this my number one, hun
I can put you up, all night, I'mma take you with
I like it",140,0.8947368421052632,17,19,
arca,Arca,2376234,Self Defense,https://genius.com/Arca-self-defense-lyrics,"Self defense, self defense
Self defense, nothing but self defense
Come out with your motherfuckin' hands up
Now answer, learn to step
Know I like to put my hands down, eat
Twerk until my booty find it
'Cause this no time to be tryna hide it
Got my fellas mixed blood and we wine about it
Admit defeat, it's my treat
Just you and me for the time to be
It's a black hole with a white flame
Lip lock, let 'em drop, your hips pop, it can't stop
Always tryna get me fucked, ah
Roll it up, back it all up, turning agressive
Just don't be late, just don't hate, just don't hate
Just  never, just  never, just
Just cut the rough, the rage, the private time is mine
Wind it, it's fine, you're fussy, you down low
Just me in ya,  those are mine, then ya
'Cause I lose my sense I'mma
Give it the bounce, bounce
Come up, the bounce, bounce
Don't make it stop, the bounce, bounce
Give it the bounce, bounce
The bounce, bounce
Give it up, give it the bounce, bounce
The bounce, bounce
Give it the bounce, bounce
Never stop, just the bounce, bounce
The bounce, bounce
Give it
Some time to bounce
The bounce, bounce
Give it the, the bounce, bounce
The bounce, bounce
Give it the bounce",226,0.8,36,45,
arca,Arca,10064640,Maníaca,https://genius.com/Arca-maniaca-lyrics,"Who's that? Who's that?
Girl, you gotta give it up if you thinkin' that you could get it
Let you come in while you working a break, a residual limit
Burn it up, kicking it if you put it up, bury your face inside it
Then ride it, no need for me to try and hide it tonight
Uhm, someone is on the phone
It's, it's for you
To all my he's, to all my she's
To all my it's, to all my thems
To all my these, to all my theys
To all my ones, to all my O's
I bet you thought I wasn't gonna rip the slit like this (Snap)
Well here it is (Grrr)
It's what it is
To all my he's, to all my she's
To all my it's, to all my thems
To all my these, to all my theys
To all my ones, to all my O's",154,0.2903225806451613,18,62,
arca,Arca,2810939,Cement Garden (interlude),https://genius.com/Arca-cement-garden-interlude-lyrics,"Girls can wear jeans
And cut their hair short
Wear shirts and boots
Because it's okay to be a boy
But for a boy to look like a girl is degrading
Because you think that being a girl is degrading
But secretly, you'd love to know what it's like
Wouldn't you?
What it feels like for a girl
Girls can wear jeans
And cut their hair short
Wear shirts and boots
Because it's okay to be a boy
But for a boy to look like a girl is degrading
Because you think that being a girl is degrading
But secretly, you'd love to know what it's like
Wouldn't you?",109,1.0,17,17,
arca,Arca,2376212,Ass Swung Low,https://genius.com/Arca-ass-swung-low-lyrics,"I feel sick
I'mma kick that fuckin' face in
Blacklight, wasted
It wasn't by mistake
That I got your mouth kicked in
Sweat, come right, come right, come on
I'll take time to shift
Long fall, but who you 'gon call
When you waking? Get the fuck off
Blacklight, wasted
It wasn't by mistake
That I got your mouth kicked in
Sweat right, come right, come right, come on
Long fall, but who you 'gon call
When you waking the fake up to lift off? Uh
I'mma sharpen with my lights off, lovin' you
Do all the things I wanna do
I'mma share my blood with somebody new
Take the rest off, fucking you
If it don't turn out right
Don't feel wronged
With what you always had
Mind is messin' with the flow
Turn my sex on, turn my sex off
Waking all the demons in your way
Enter in mistake
Come back to my place and
'Cause there used to be a time
I been givin' it up
Blow up while you're pickin' it up
Written all on my face, fresh from the scene
Pink lemonade, get in the limousine
You're feelin' me, right?
Chasin' all my dreams, I'm about to
Shit, I'm bringin' it back
Doin' you wrong, just like that
What the drum shout out
I let the drum shout out
I let the drum shout out
'Cause silence is gone
Let the drum shout out
I let the drum shout out
I let it shout out
I let the drum shout out
Tryna breathe but I choke
Face fronting, move to slow
Don't know where you move but I got that shit
I can give it up, no touch
You better call, call, call, call the fire department
Booty pop lock, tryna find you",299,0.684931506849315,50,73,
arca,Arca,8624294,Ritual,https://genius.com/Arca-ritual-lyrics,"Teeming with it
Get, get, get, get, get into
Get, get, get, get, get into this
Get, get, get, get, get into
Get, get, get, get, get into this
Get, get, get, get, get into
Get, get, get, get, get, get
Get, get, get, get, get, get it
Get, get, get, gеt into it
Get, get, get, gеt, get, get
Get, get, get, get, get, get
Get, get, get, get, get, get into it
Get, get, get, get, get, get
Get, get, get, get, get, get
Get, get, get, get, get, get into it
Her waist, her
I'm loving that faith, her
Wish, wish, wish, wish, wish upon a star, her
Grrrr, I said a revenant
Run like they can see faith in the darkness
Beat it, seethe it through the veil
Your choice is that
Her waist snatched, her waistline
It's in your figure, happy
Waiting, pushing further
She's riven
Get, get, get, get
Get, get, get, get, get into it
Get, get, get, get, get, get
Get, get, get, get, get into it
Girl, get, get, get
Girl, get, get, get into it
Get, get, get, get, get, get
Get, get, get, get, get into it
Get, get, get, get
Yeah, you can keep waiting to get into it
Or you can get into it right the fuck now
Get, get, get into it
Get, get, get, get, get, get
Get, get, get, get, get, get
Get, get, get, get, get, get
Get, get, get, get, get, get
Get, get, get, get, get into it, grrr
Get into it, grrr
Do you hear this nasty fucking beat?
It's too good
It's too, too good
It's too good
It's too good
She  every piece",285,0.78125,50,64,
arca,Arca,5282533,Membrane,https://genius.com/Arca-membrane-lyrics,"Wondered the General
During those slow dances where no one touched, no one touched
Customs was a good secure
Working directly with such strange
I have decided to take the liberty of reading this text in a different way
I will continue reading the text
Although not respecting the order of words
I've lost my respect the amount of times I wasn't saying a particular word
That they would prioritize
Misrepresented and conflated
Misrepresented and conflated
To find new surprises in the way in which I read
Working directly in Transport was probably more exciting and fun to watch in the movies but really, such a strange and proper Alona
The music's slow dances were secure
Take any of them, take any million
Who are they? And what do they want?
Most famous poet in five explored galaxies
The streetlights came on and his image glazed before they let an expression fix their face, or the blind man
Till age thirty, of half a century in his craggy face
Surprise, he thought
She puts her hand on the bar
Slow dances where no one touched",185,0.88,22,25,
arca,Arca,3103546,Waste,https://genius.com/Arca-waste-lyrics,"Time is of the essence but wait
Fade in the noise
Sinning and my head spinning, can you
Giving it high scores
Taking it all, all in
Pushing it back home
You're running to sin, sin
Letting me crawl, pick them all up
Made to maintain the brain remains the same
Why does he know my name?
Maybe you can stay a while
City straits high, high, high, high, high
Girl, what's that sound?
Look at you
Look at me
Look at you
It's not the same
Close, better shake that waist
In this place, comes one thing
Turn it up high, high, high
From the feeling, and I'm
Kinda fucked up
Can't take the
And you're sleeping while trippin'
These hits, sniff these
Got you puffing these, got you puffing these
Giving it high scores
Take it all in
Wit' nothin' to win
You're runnin' to sin
Fuckin' them up
Pray for the main
Hey Rain, looking up",159,0.6470588235294118,33,51,
arca,Arca,2376803,Tapped In,https://genius.com/Arca-tapped-in-lyrics,"Strut on fire, sleep no mo'
Get me lit, watch this trick
Turn that lonely shit, might lose it again, make me choose it again
Make me lose it again, watchin' - when - hit herself
Because that thing has got to end
Her waist, her face, her taste, the bitch tapped in
Her pose, her clothes, she knows, the bitch tapped in
Her waist, her face, her taste, the bitch tapped in
Her pose, her clothes, she knows, the bitch tapped in
She's still runnin'
She's still runnin'
Don't feel me
Slowly hear me, hold it, feel it
Open up, got too lated
Take this, I'm no more rated
It's always apart
It's dizzy, touched down
I'm still faded
That's what I'm talkin' about
I'm on a run, on a run, on
I'm on a run, on a run, on
I'm on a run, on a run, on
I'm still runnin' away
Her waist, her face, her touch, the bitch tapped in
Her pose, her clothes, she knows, the bitch tapped in
Her waist, her face, her touch, the bitch tapped in
Her pose, her clothes, she knows, the bitch tapped in
She's still runnin'",196,0.8235294117647058,28,34,
porta,Porta,3166291,Imperfecto,https://genius.com/Porta-imperfecto-lyrics,"I know I'm not perfect
I know I got issues
I know that I've got a sordid past
And, yeah, some bad tattoos
I'm not a model
I'm not a saint
I'm sorry, but I am just not sorry
'Cause I swear and 'cause I drink
(I know I'm not perfect)
I know we're all different
Baby, that's life (Life)
But all of these differences
They make me feel alive (Alive)
And I've got this question, yeah
Been burning through my head (My head)
Can't we all get over ourselves
And just stop talkin' shit?
(I know I'm not perfect)
I know I'm not perfect
I know I got issues
I know that I've got a sordid past
And, yeah, some bad tattoos
I'm not a model
I'm not a saint
I'm sorry, but I am just not sorry
'Cause I swear and 'cause I drink
(I know I'm not perfect)
I know I'm not perfect
I know I got issues
I know that I've got a sordid past
And, yeah, some bad tattoos
I'm not a model
I'm not a saint
I'm sorry, but I am just not sorry
'Cause I swear and 'cause I drink",197,0.4022988505747126,35,87,
porta,Porta,6092724,Amor,https://genius.com/Porta-amor-lyrics,"So in love like the birds love the trees, baby
So in love like with you and with me, baby
So in love like the sun loves the sky, baby
So in love like with you and without, baby
We're so in love, we wanna run away
Far from home, far from home
We're so in love, we wanna run away
Far from home, far from home, ye-eh-eh
We're so in love, we wanna run away
Far from home, far from home
We're so in love, we wanna run away
Far from home, far from home, ye-eh-eh
We're so in love, we wanna run away
Far from home, far from home
We're so in love, we wanna run away
Far from home, far from home, ye-eh-eh
So in love like the birds love the trees, baby
So in love like with you and with me, baby
So in love like the sun loves the sky, baby
So in love like with you and without, baby",165,0.2777777777777778,20,72,
yotuel_romero,Yotuel Romero,2225150,Lololove,https://genius.com/Yotuel-lololove-lyrics,"Lololove, lololove, love, I need your love
I need you, baby
Lololove, lololove, love, I need your love
I need you, baby
Lololove, lololove, love, I need your love
I need you, baby
Lololove, lololove, love, I need your love
I need you, baby
I need you, baby
I need you, baby
Lololove, lololove, love, I need your love
I need you, baby
Lololove, lololove, love, I need your love
I need you, baby
I need you, baby
I need you, baby
Lololove, lololove, love, I need your love
I need you, baby
Lololove, lololove, love, I need your love
I need you, baby
Lololove, lololove, love, I need your love
I need you, baby
Lololove, lololove, love, I need your love
I need you, baby
I need you, baby
I need you, baby
I need you, baby
I need you, baby
I need you, baby
I need you, baby",150,0.5263157894736842,30,57,
bocafloja,Bocafloja,2064541,Mecanica (feat. cambio),https://genius.com/Bocafloja-mecanica-feat-cambio-lyrics,"Down play da old school
Have the whole world felling like is long beach
Dove Shack, summertime feeling like a Warren g
Oh yeah its fine to see, where i be
West coast rapping like is 93
A couple of years later so far we made it
We owned to who was'nt there when we celebrated
This is dedicated to ladies someone like art laboe
And its Sunday night, on the west coast
I like the Cali girls rough around the edges
If you got a 9 to 5 and its Friday night
Put that new skirt and she wears nice
Oh yes its what your girl type of night
You got a hard life pretty lady you deserve the best
You gon' be here for a while, I'm gon' go call my crew
You go call your crew, we can rendezvous at the bar around two
You gon' be here for a while, I'm gon' go call my crew
You go call your crew, we can rendezvous at the bar around two
You gon' be here for a while, I'm gon' go call my crew
You go call your crew, we can rendezvous at the bar around two
You gon' be here for a while, I'm gon' go call my crew
You go call your crew, we can rendezvous at the bar around two
Make that woman some dinner for a perfect creation
Is she an artist for how she push it together forever i work it hard
And make me wanna be better
For betterment of my people we start enough as the dawn
So tonight we're rebels without a cause
No oppositions your friends and my friends are chillin
No body is tripping the definition of winning
You gon' be here for a while, I'm gon' go call my crew
You go call your crew, we can rendezvous at the bar around two
You gon' be here for a while, I'm gon' go call my crew
You go call your crew, we can rendezvous at the bar around two",342,0.4520547945205479,33,73,
bocafloja,Bocafloja,3941439,Mecánica,https://genius.com/Bocafloja-mecanica-lyrics,"Check it out, man, on this
Tell 'em play the old school
Have the whole world felling like we're in Long Beach
Dove Shack, Summertime, feeling like a Warren G
Yeah, it's fine to see, where I be
West Coast rapping like is 93
A couple of years later so far we made it
We owe it to the ones who didn't when we celebrated
This is dedicated to ladies, some like Art Laboe
On a Sunday night on the west coast
I like the a Cali girl with rough around the edges
Let's explore our beautiful imperfections
If you got a 9 to 5 and it's Friday night
Wear that new skirt, she wear it nice
Only dance with your girls type of night
You got a hard life, pretty lady, you deserve a good time
Ask you what your interests are, who you be with
Things that make you smile, what numbers to dial
You gon' be here for a while?
I'm gon' go call my crew, you go call your crew
We can rendezvous at the bar around 2
Ask you what your interests are, who you be with
Things that make you smile, what numbers to dial
You gon' be here for a while?
I'm gon' go call my crew, you go call your crew
We can rendezvous at the bar around 2
Your orchestration, your mama need a standing ovation
Make that woman some dinner for a perfect creation
Is she an artist for how she put you together forever
A work of art that make me wanna be better
For betterment of my people, we start enough as in the dawn
So tonight we're rebels without a cause
No oppositions, your friends and my friends is chillin'
Nobody tripping the definition of winning
Ask you what your interests are, who you be with
Things that make you smile, what numbers to dial
You gon' be here for a while?
I'm gon' go call my crew, you go call your crew
We can rendezvous at the bar around 2",344,0.5652173913043478,39,69,Cambiowashere
bocafloja,Bocafloja,7003658,Azul,https://genius.com/Bocafloja-azul-lyrics,"There's so much to learn
There's so much to live for
There's so much to give
One another
I learned in goodbyes
Our hearts are open wide
Our bodies' outburst
Feel the presence with you high
Bring this beauty from your lifre
Music is to be alive
There's so much to learn
There's so much to live for
There's so much to give
One another
I learned in goodbyes
Our hearts are open wide
Our bodies' outburst
Feel the presence with you high
Bring this beauty from your lifre
Music is to be alive
There's so much to learn
There's so much to live for
There's so much to give
One another
I learned in goodbyes
Our hearts are open wide
Our bodies' outburst
Feel the presence with you high
Bring this beauty from your lifre
Music is to be alive",141,0.3488372093023256,30,86,Sarina Leah
bocafloja,Bocafloja,266916,Good man,https://genius.com/Bocafloja-good-man-lyrics,"Bobby Dylan wrote a track of assassination of Medgar Evers
Callin' it a pawn in the game now check the reference
Now tell me what it mean to you, cuz what it mean to me
From the klansmen to minutemen, from the noose and tree to a lock and key
I call it the evolution of laws and policy's
Racism is classism when it accessorize
Ann Frank ain't the only one whose people suffered genocide
Bobby Marley wrote a track buffalo soldiers headed west
Fighting for the u.s. segregated regiments
Very clear to me whose destiny it helped to manifest
Who the rich kids and whose kids is bloods and crips
So if the two jobs, or the jobs lost, or the health problems passed on
And you don't fit the description pigs patrolling the block
And you don't fit the equations problems they wanna solve
End up like the wife of Fred Hampton now homie sing along",158,0.4838709677419355,15,31,Cambio
bocafloja,Bocafloja,7003541,Pulso,https://genius.com/Bocafloja-pulso-lyrics,"The heat is rising sky high
Got thoughts sweating out my brain
My eyes are open wide
Now  It’ll never be the same
Took off your veil of lies
And took down all your disguises
I know now who I am
The heat is rising sky high
Got thoughts sweating out my brain
My eyes are open wide
Now  It’ll never be the same
Took off your veil of lies
And took down all your disguises
I know now who I am
Everything I knew had to be redefined
The ancestral design
Got my whole perception realigned
It started with the hair
Dropped the chemicals
Now everyone wanna touch and stare
The curves they compare
Nip tuck - Pump the rear
But the truth they won’t bare
Not for you to savor
But to honor and respect
‘Know thy self’ is the flex",143,0.3023255813953488,26,86,Meryem Saci
bocafloja,Bocafloja,7003540,Adentro,https://genius.com/Bocafloja-adentro-lyrics,"Reflecting on the days lost, when I was a lot less jaded and my perspective was a shade moss. OG’s told me to keep an eye out for 12 and that faith in your 9 like you clutching to a chained cross
Cuz the world wasn’t kind to colored lines unless they drawn on house floors during election season-state laws
So I bulletproofed  my heart, kept it locked up and hidden from the belly of the beast and it’s strained jaws
Tryna find my footing on unsteady ground, covering all the pitfalls that they laying for me
They told me pressure turn a rock to a precious gem started looking for the appraisals
Only realized how valuable that I was when I saw I had a whole loyal tribe out here praying for me
I am from an order of soothsayers and the ordained that knew my marriage to these characters was prearranged
Once I grew a bond with my native tongue, that’s the kind of unconditional love that’ll probably never change
Ink imbedded in threads of my genetic tapestry mapped through the southeast to Serengeti range
Reaching for  the pulse and heartbeat of the parts of me from which I’ve long since been estranged
Bet on myself and my worth in this game every time the dice rolls like the name Royce
So any time they ask how I shine like I do I reply that I never really had a choice",243,0.2926829268292683,12,41,Verónica Ruiz; Sa-Roc
osmani_garcía,Osmani García,10000545,Sushi Sushi,https://genius.com/Osmani-garcia-la-voz-sushi-sushi-lyrics,"I wanna treat you like a roll of sushi
I wanna treat you like a roll of sushi
I wanna treat you like a roll of sushi
Te termino enrolando
I wanna treat you like a roll of sushi
I wanna treat you like a roll of sushi
Don't stop let your body go
Stop playing it's time to go
I got the car outside and we 'bout to roll
Boy, this a all you can eat sushi bar
No kids, work hard and my booty soft
Pop said imma star
Now I'm shooting off
Took a shot gettin' hot like Lucifer
Drinking out the bottle
Mama told me they only your taco
I let you hit it raw, then you mine after
An ain't got time for the chit chatter
Yah ex gotta BBL and I'm still badder
Big laughter, you the joke
I do the most
I'm too raw, he know it though
Let's go
I wanna treat you like a roll of sushi
I wanna treat you like a roll of sushi
I wanna treat you like a roll of sushi
I wanna treat you like a roll of sushi
It's your girl Pretty Porcelain
Osmani I'm here (sushi, sushi, sushi)
Viral (I wanna eat you like a roll of sushi)
I wanna treat you like a roll of sushi",223,0.3009708737864077,31,103,Pretty Porcelain
p_star,P-Star,7607762,Wanna Make You Dance,https://genius.com/P-star-wanna-make-you-dance-lyrics,"Hey get on the floor, say what you waiting for
We'll make you scream for more
Hey get on the floor, say what you waiting for
We’ll make you scream for more
This makes you wanna dance
And go and clap your hands
Get down up on the floor
Hey I know you want some more
This trackin' keep rockin'
My name is P-Star and I get this party popping
P-Star wanna make you dance
I'll make you clap your hands
Now shimmy on down, shimmy on up
Shimmy on down, shimmy on up
I know you know this dance so let's do it like this
Lean with it, rock with it, with a P-Star twist
Lean with it, stop, clap
Lean with it, stop, clap
Lean on back, throw it up, throw it up
Lean on back, throw it up, throw it up
This makes you wanna dance
And go and clap your hands
Get down up on the floor
Hey I know you want some more
This trackin' keep rockin'
You know I'm not stopping
My name is P-Star and I get this party popping
Get busy, get busy
Get busy, get busy
I know you want to move so let me see you lose control
Get crunk, get crunk, get crunk
Get crunk, get crunk, get crunk
Now signal the plane, Now signal the plane
Signal the plane, now signal the plane
Then the clap for me, then the clap for me
Then the clap for me, then the clap for me
Hey get on the floor, say what you waiting for
We’ll make you scream for more
(A little bit faster)
(A little bit faster)
(A little bit faster)
(A little bit faster)
Wherever you at, imma make sure you dancin'",295,0.4942528735632184,43,87,
tote_king,Tote King,3384751,Woh! (Part 2) / El Serranito,https://genius.com/Toteking-woh-part-2-el-serranito-lyrics,"The king is back, the king is back
The king is back, the king is back
A stone, hospitalized a brick, I'm so mean I make medicine sick!
(The king is back, the king is back)
Last night I cut the light off in my bedroom, hit the switch, was in the bed before the room was dark! (Incredible)
And you, George Foreman (En el 4-1, ah) all of you chumps are gonna bow, when I whoop him. All of ya!
I know you got him, (Tote) I know you got him picked... But the man's in trouble, I'mma show you how great I am!",105,0.0564516129032258,7,124,Príncipe Palanca
tote_king,Tote King,2955259,I’m So High,https://genius.com/Toteking-and-dheformer-im-so-high-lyrics,"""What's the key to beating him in your opinion?""
""Training hard and...ninja his ass. Everybody, everybody, that's the key to beating everybody. Martial Arts is ninja real shit, not no funny-fake ""Let's fight, this will be good for the sport"" fuck that, fuck the sport. This is fight shit, this is ninja shit. That's what people wanna see, that's what I wanna see when I watch, so let's see some real shit. You hear me, let's get it!""
I'm so high, you so high
I'm so high, you so high
I'll be getting money till the day that I die
I'm so high, you so high
I'm so high, you so high
I'll be getting money till the day that I die
I'm so high, you so high
I'm so high, you so high
I'll be getting money till the day that I die
I'm so high, you so high
I'm so high, you so high
I'll be getting money till the day that I die
I'm so high, you so high
I'm so high, you so high
I'll be getting money till the day that I die
I'm so high, you so high
I'm so high, you so high
I'll be getting money till the day that I die
That's right
That's right
I'm so high, you so high
I'm so high, you so high
I'll be getting money till the day that I die
I'm so high, you so high
I'm so high, you so high
I'll be getting money till the day that I die
I'm so high, you so high
I'm so high, you so high
I'll be getting money till the day that I die",280,0.3229166666666667,31,96,
tote_king,Tote King,10268654,Dumb,https://genius.com/Toteking-and-bejo-dumb-lyrics,"Bassline and a kick drum
Yeah, I'm about to go dumb
Yeah, yeah, I'm about to go dumb
Yeah, I'm about to go dumb
Bassline and a kick drum
Yeah, I'm about to go dumb
Yeah, yeah, I'm about to go dumb
Yeah, I'm about to go dumbmb
Bassline and a kick drum
Yeah, I'm about to go dumb
Yeah, yeah, I'm about to go dumb
Yeah, I'm about to go dumb
Bassline and a kick drum
Yeah, I'm about to go dumb
Yeah, yeah, I'm about to go dumb
Yeah, I'm about to go dumb
Bassline and a kick drum
Yeah, I'm about to go dumb
Yeah, yeah, I'm about to go dumb
Yeah, I'm about to go dumb
Bassline and a kick drum
Yeah, I'm about to go dumb
Yeah, yeah, I'm about to go dumb
Yeah, I'm about to go dumb",144,0.32,24,75,
tote_king,Tote King,6258548,Matando la Liga,https://genius.com/Toteking-matando-la-liga-lyrics,"The type of individual that seek out ways to stack mad figures
The type to shut down the main man just to make his game plan bigger
And when you scheme, he ready to move, much more quicker
So when you flip and he slip the clip in then he rely on the trigger
The type of individual that seek out ways to stack mad figures
The type to shut down the main man just to make his game plan bigger
And when you scheme, he ready to move, much more quicker
So when you flip and he slip the clip in then he rely on the trigger",108,0.125,8,64,
tote_king,Tote King,3390661,No Love,https://genius.com/Toteking-no-love-lyrics,"(...) They're not on my level. You gotta have to have size, reach, length, you gotta have some attributes, if you come to me in any way equal to me I'm gonna rip your whole head off, and that's it, it happens every time (...) I've ridiculed everyone on the roster (...) This is what I dreamed into reality! Oooooh, that looks good! Ooooh!
It's no love, mira el game is over
It's no love, mira el game is over
It's no love, mira el game is over
It's no love, mira el game is over
It's no love, mira el game is over
It's no love, mira el game is over
It's no love, mira el game is over
It's no love, mira el game is over
It's no love, mira el game is over
It's no love, mira el game is over
It's no love, mira el game is over
It's no love, mira el game is over
You can't catch me, cabrón, crossover
This is why everyone has been talking about Conor McGregor!
It's all over! Another first round win! Wow!
That is exactly why he's so dangerous, Mike, and he took some big shots, but guess what? He's got a huge chin as well
It's no love, mira el game is over
It's no love, mira el game is over
It's no love, mira el game is over
It's no love, mira el game is over",240,0.2470588235294117,21,85,Lone (ZGZ); Cristian Brawler
noztra,Noztra,11353691,Gotta Go,https://genius.com/Noztra-gotta-go-lyrics,"The rest...
Ain't no dick like the one I've got
Even vacant lots, bitches know the steez on the P-U-S-S-Y
You suggest I take it out the anal (What?), fucking Big is fatal
Dangerous, you should see me swing the jimmy
And when the Henny's in me I'm fucking green bitches like Kirk
When the cum squirts, I'm out bitch (Uh-huh), you know what I'm about bitch
Find another trick to lick dick to the tip
Down to the assholе, lips red like Tabasco
Let me fuck you from behind, see
Gotta Go, see your groupies at my next show...
Gotta Go, see your groupies at my next show...
Gotta Go, see your groupies at my next show...
Gotta Go, see your groupies at my next show...
Gotta Go, see your groupies at my next show...
Gotta Go, see your groupies at my next show...
Gotta Go, see your groupies at my next show...
Gotta Go, see your groupies at my next show...
Gotta Go, see your groupies at my next show...
Gotta Go, see your groupies at my next show...
Gotta Go, see your groupies at my next show...
Gotta Go, see your groupies at my next show...
Gotta Go, see your groupies at my next show...
My Respect, Brooklyn, NYC, Santo Domingo...",214,0.3636363636363636,24,66,The Notorious B.I.G.
noztra,Noztra,11351505,My Gun,https://genius.com/Noztra-my-gun-lyrics,"I neve said Life was simple but You help me down through what I been and I don't really mean to sound sentimental I'm just being sincere see You been here when against the odds My you help make this Fair no matter The situation I keep it concealed and only bring you out on special occasions so let them sleep on me cuz we be creep on me You The only one I reach for me always click The bar when he start the step to us all to dеath us aart I wish the Best to us when wе picture posing I'm the in AFF flick this holding his dick with his pistol B all out my shirt like chicks big titties hood with Dreams of building Big cities so block block lock costouso before like Yo, de un Shot te torso...
Ride what to do you Because You always need to know what to do when times a coming like My only true in My Gun...
Ride what to do you Because You always need to know what to do when times a coming like My only true in My Gun...
Yeah You' been with me through thick and thin to get me out of all The trouble that I get me in and no matter what they Say you're My Best friend cuz You was always there with me till The very end I'm never worriend when things get out of hand cuz when I Show you off M there is not a man whose draw won't drop you've even Made a few cry cuz your looks to kill and know they don't want to die and I Ain't going to try to ruin what we have now they try to break up what we have but they can't now we both are born is stronger than locking key I'm depressed when I'm alone and you're not with me but that's really the case cuz you and I are always together like razes and suicide when You was younger they called you a two five You almost perfect now I call You My new nine...
Ride what to do you Because You always need to know what to do when times a coming like My only true in My Gun...",384,0.4166666666666667,5,12,T-Weaponz
candyman,CandyMan,12719,Knockin’ Boots,https://genius.com/Candyman-knockin-boots-lyrics,"The Candyman is on the prowl
And for those that wanna get busy
You gots to speak up now
This rhyme, this time is one of a kind
Blowin' yo mind like only the Candyman can
Once again, you can scream and shout
This is what you've been missin', listen to my heart beat while I'm whisperin'
I know you're sufferin', so sweet, a Candyman sweet nothings
Huggin' and tuggin' and rubbin', loving it all, havin' a ball
We can't do that yet, but I bet we'll chill
We'll still end up knockin' the boots
Never ever ever gonna let you go
Once I get my hands on you
At each and every show, there's this groupie
Artis knows what she wants to do to me
She knows my name, knows every rap routine
But how'd she get in my limousine?
Don't act fool, don't drool
I'm just a performer, I was cool but the room got warmer
Norma cornered me in, her and a friend named Lynn, then
They checked me in to the Holiday Inn
I didn't let 'em win, said my pockets was thin
She blew me a kiss, I knew she wasn't new to this
I didn't want to, but the devil made me do it
To the tick-tock ya don't stop
We knock boots 'til 6 o'clock, as we lay all night long
And early in the mornin', she sang this song
Never ever ever gonna let you go
Once I get my hands on you
Never ever ever gonna let you go
Tunnel of love is what I'm enterin'
When I mention it, you're surrenderin'
Givin' it up like a good girl has to
Livin' it up, eventually you ask to stay
You're gonna pay for this
Just rest your breast on my chest, yes I'm impressed
With the way you cold love me down
I don't wanna sit down, I just wanna get down
I'm on the ground, down on my knees
Like James Brown singing ""Please, please""
Round two, I'm down to do what it takes to make you understand
I'm the Candyman, and I melt in your mouth, not in your hands
Hard as a rock, yes, I'm no sucka
The boots I knock make me one bad mother— (mother, mother)
Knockin', while I'm a hip-hoppin'
Many people say my lyrics are shocking
Just because of the simple subject
Everyone should love this, 'cause everybody does it
Whether they admit it or if they deny it, you better keep quiet
Or else you might have to see a few skeletons, but girl, that's irrelevant
Break out the bottle of Asti Spumante, pop off the top and rock with my posse
Fila Al, Big Dill, and D Fly
We ask the questions, you give the reply
MC Chip, Big Rob and Bud
Rockin' on the waterbed, knockin' on the rugs
I'm just playin', what I'm sayin' ain't ill",486,0.8484848484848485,56,66,
candyman,CandyMan,1096777,Melt In Your Mouth,https://genius.com/Candyman-melt-in-your-mouth-lyrics,"This one goes out
To all the suckers out there
Who thought I was soft
But I'm-a come correct this time
And do something a little bit different
Melt in your mouth, not in your hand
The C-A to the -ndy was the M-A-N
I'm like no other man, 'cause you know no other man can
Be an undercover lover and a soul brother man
On the other hand, introduce me to your mother and
I wouldn't be surprised if she's my number one fan
And the perfect match has to be when you meet me
Under a palm tree in the middle of the beach
Bring a towel or a sheet like the boots with sand on my feet
After we eat what we brought on the pier
As you premiere what you hear is not a simile
But it's meant to be the poetry as me, a K-I-N-G
There'll never be another Candyman
Because I melt in your mouth, not in your hand
Melt in your mouth
Melt in your mouth
Melt in your mouth
Melt in your mouth, not in your hand
Lip smacking good, good to the last drop
If I didn't have to go, I know you never would stop
I'm on the top of your list for the best French kiss
I assist on your one last wish, and since
I'm not the type to fall in love on sight
I'm-a let you hold me tight for just one night
Since I write the rhymes to make the whole world sing
It doesn't mean a thing when you call me the king
And bells won't ring 'til I walk down the aisle
You could smile, but that won't be for a long while
It'll take more than a killer behind to change my mind
I'm not blind, I know the time
See, I'm not the kind to write a rhyme while you laugh
So as I see it, you don't need a wedding band
'Cause I melt in your mouth, not in your hand
Melt in your mouth
Melt in your mouth
Melt in your mouth
Melt in your mouth, not in your hand
Thirst quenching, did I mention
Give a chick an inch and she'll want an extension
Pictured on my heiny right behind me is the man of the house
Suggesting that I burn the hell out
You begin to count, but no doubt, you call my cellular phone
Because I melt in your mouth like a snow cone
On and on as the saga continues
Here's another page on the menu
And you got a lot of nerve
First come, first served is the usual procedure
After I tell you that I need you
Featured with any kind of line that I think what's best for you
Because I wanna get next to you
Sex with you is just one small part of the plan
Because I melt in your mouth, not in your hand
Melt in your mouth
Melt in your mouth
Melt in your mouth
Melt in your mouth, not in your hand
Melt in your mouth, not in your hand
The C-A to the -ndy was the M-A-N
I'm like no other man, 'cause you know no other man can
Be an undercover lover and a soul brother man
On the other hand, introduce me to your mother and
I wouldn't be surprised if she's my number one fan
And the perfect match has to be when you meet me
Under a palm tree in the middle of the beach
Bring a towel or a sheet like the boots with sand on my feet
After we eat what we brought on the pier
As you premiere what you hear is not a simile
But it's meant to be the poetry as me, a K-I-N-G
There'll never be another Candyman
Because I melt in your mouth, not in your hand
Melt in your mouth
Melt in your mouth
Melt in your mouth
Melt in your mouth, not in your hand",671,0.8777777777777778,79,90,
candyman,CandyMan,12721,Candyman Theme,https://genius.com/Candyman-candyman-theme-lyrics,"Cause I really know you can
Ooooh, cause I really know you can
The rhymes I write, never bite, never borrowin
And as they sell gain a female followin
Charmin like Charmin irresistable to squeeze me
And I'm like an egg you can say I'm over easy
Cause I'm not the type all hype no action
And while I'm waxin, there's no askin
For more, cause I'm like a kid in a candy store
Do me baby like I never been did before
{*scratched 4X: ""Understand I'm the Candyman, cause I'm no sucker""*}
I make a million hearts break, give or take a few
But make no mistake on a date I'll relate to you
This is what they can do eliminate a card or two
Winter, spring, summer, I'll fall for you
Soothe you make your move, don't disturb this groove
I'll show and prove how smooth I deliver
In your boots, and Candyman told you the truth
Ain't no shame in my game when I flow at this
See I'm dope as dope can get, she thought she my vocalist
No one can make a hit quite like this
And for that simple fact I deserve a fat kiss
You can't resist the craze of somethin so tasty
Sometimes it amazes me, when you have to face me
You won't have to chase me cause basically, here I stand
And I'll be your Candyman
I want you to be
I want you to be",246,0.6222222222222222,28,45,
candyman,CandyMan,1208720,Knockin’ Boots (Radio Mix),https://genius.com/Candyman-knockin-boots-radio-mix-lyrics,"The Candyman is on the prowl
And for those that wanna get busy
You gots to speak up now
This rhyme, this time
Like only the Candyman can
Like a heavyweight champion
Once again you can scream and shout
When I rock the bells
This is what you've been missin'
I know you're sufferin'
Huggin' and tuggin' and rubbin'
All y'all girlies next to me
We can't do that yet, but I bet we'll chill
We'll still end up knockin' the boots
Never ever ever gonna let you go
Once I get my hands on you
At each and every show, there's this groupie
Artis knows what she wants to do to me
She knows my name, knows every rap routine
But how'd she get in my limousine?
Don't act fool, don't drool
I'm just a performer
I was cool but the room got warmer
Her and a friend named Lynn, then
They checked me in to the Holiday Inn
I didn't let 'em win, said my pockets was thin
She blew me a kiss
I knew she wasn't new to this
I didn't want to, but the devil made me do it
To the tick-tock ya don't stop
We knock boots 'til 6 o'clock, as we lay
And early in the mornin', she sang this song
Never ever ever gonna let you go
Once I get my hands on you
Never ever ever gonna let you go
I hope you feel the same way too
Tunnel of love is what I'm enterin'
When I mention it, you're surrenderin'
Givin' it up like a good girl has to
Eventually you ask to stay
You're gonna pay for this
Just rest your breast on my chest, yes I'm impressed
With the way you cold love me down
I don't wanna sit down, I just wanna get down
I'm on the ground, down on my knees
Like James Brown singing ""Please, please""
Round two, I'm down to
Do, what it takes to make you
Understand I'm the Candyman
And I melt in your mouth, not in your hands
Hard as rock, yes I'm no sucka
The boots I knock make me one bad mother—
Knockin', while I'm a hip-hoppin'
Many people say my lyrics are shocking
Just because of the simple subject
Everyone should love this
'Cause everybody does it
Whether they admit it or if they deny it
You better keep quiet
Or else you might have to see a few skeletons
But girl, that's irrelevant
Pop off the top and rock with my posse
Fila Al, Big Dill, and D Fly
We ask the questions, you give the reply
MC Chip, Big Rob and Bud
Rockin' on the waterbed, knockin' on the rugs
I'm just playin', what I'm sayin' ain't ill
Girl you should know I'm real",467,0.7906976744186046,68,86,
candyman,CandyMan,12733,Playin’ On Me,https://genius.com/Candyman-playin-on-me-lyrics,"In a hotel wakin up another day in showbiz
Kiss the redhead in my bed, knowin not who she is
Plug the phone back in the socket watch the light blink on the ringer
There's a message in the lobby oh my God, it's Gina
See a housekeeper in the hallway, so I say
I know you have a route, but I'm willin to pay
If you'll go out of your way, to clean my room up in a hurry
My girly flew to see me and she's here a little early
So the skeeze had to leave with no disrespect
Said I'd meet her at the show I had to go to soundcheck
Before she made her exit she collected cabfare
From the elevator, while I crept down the stairs
Step by step I was stallin every minute
Givin her enough time, to catch a taxi and get in it
Greeted my girl as if nothin ever happened
But everybody knows, girls have a way of
Trappin a guy without them knowin it
But a hickie has a way of showin it
So I got put in check, when she seen it on my neck
And said ""Candyman you're blowin it, you're playin on me""
""But I don't give a hoot, huh, because I knocked boots"" - Ice Cube
Can't sleep, can't think, and you're missin your meals
Simply because you heard I'm playin the field
Do we still go together? Well that all depends
On who you believe - me or your friends
In makin conversation you ask why must I play
To tell you the truth yo, I really can't say
It's just one of those things that you can't understand
Unless you're a man, but that ain't the plan
And I stand corrected, if this ain't the truth
Nobody wants a man who cannot knock boots
So what's the use in you makin a pretense
Baby you know the best teacher is experience
Ever since then she's been actin kinda strange
Sayin to herself ""Two can play THAT game""
Lame excuse but it was very well put
I can't stand it, when the shoe's on the other foot
So I went to her house, cause I knew she hadn't seen me
Seen another man, in her room, watchin TV
He was layin on her, she should be layin on me
Just as I thought... she's playin on me
Say love, I think you need to step outside with me for a minute
Step outside wit'chu for what?
We got things we need to talk about right NOW!
Like what's up with this shade tree you got over here?
What'chu mean what's up with this shade tree?
What's up with homegirl at the hotel the other day?
Man I tried to tell you we was doin a interview
For some kind of magazine or somethin like that
Yeah, just like you tried to tell me
The last girl was interviewin you for Right On
What happened with that?
There's things that I'm doin in this business
That you don't know nothin about
It's like I got things to do that's business
Me and you though, we got a relationship
What kind of relationship with monkey bites all on your neck
And you always talkin about ""Knockin' Boots?""
I'm not interested in no ""Knockin' Boots!""
It's more than that though
I buy you rings, jewelry, whatever you want y'know?
Material things don't mean nothin to me Candy without your love
But as long as we gon' be together, me and you
There's just one thing I expect of you
Yeah what's that?
Don't be playin on me",609,0.9565217391304348,66,69,
candyman,CandyMan,12722,Nightgown,https://genius.com/Candyman-nightgown-lyrics,"Stepped into the party at a half past nine
Was tryin to wine and dine another heiny, shoot
(You could just knock those boots)
What you see is what you get
And baby let me tell you, you ain't seen nothin yet
Sweat drips off the tip of my eyebrow
I wanna dip your hips (right about now)
How about a drink, do you think we could spend a little time?
You're so fine, do you mind
A little kiss on the hand (from the Candyman!)
And as we dance, by any chance may I have your number?
What it would be like, spendin the night, foolin around
So let me see your nightgown
A sexy little girl like you needs a man like me
Cause I can't stand to see
A pretty young thing like you just goin to waste
Right in front of my face
What irritates me the most is when we're close
You just boast and brag
Out all the men you had no one comes close
But it always starts like that
And once they get it, forget it, the minute they're done they step
Out of my pad and all I'm left with is a bad rep
Her mouth was runnin I had nothin comin to me
She kept askin me
Do you wanna watch TV or do you wanna see the town?
I wanna see your nightgown~!
Crept into the bedroom, I was feelin kind of faint
(Maybe it was somethin you ate)
That was my complaint and she bought it like it was on sale
And it never fails
It was gettin late ao I figured that she wouldn't even bother me
But she treated me properly
Took the shoes from off of my feet
Pulled down the sheets, I could feel the heat
(from the fireplace) burnin in the living room
Knowin that she would give in soon
Much to my surprise when I tried, she provided the leadway
This is no he say or she say
When I say to you it's on
I mean like Donkey Kong 'til the break of dawn
Didn't take long 'til I heard that familiar sound
(Ahh) I finally saw her nightgown",368,0.86,43,50,
candyman,CandyMan,12725,Today’s Topic,https://genius.com/Candyman-todays-topic-lyrics,"Hi, I'm your host John Rondo Riviera
And today's topic is rap, and its effect on our world today
And guests on our panel today are
We have people going to school for years {*SIGHS*}
Getting a degree in music
And you come in here with your platinum selling albums
With this ""jungle music""
What do you have to say about this, MC T-Fly?
""Jungle music,"" I'm not even gonna answer that
But I know there's a lot of people out there watching OPRAH right about now
Besides I'm only out for one thing
That's the money, the cars, the jewels, the girls, everything baby
Yeah right, we have songs called ""Cheeba Cheeba"" by Tone Loc
And as far as I'm concerned, you're advocating marijuana~!
We ain't advocatin NOTHIN man!
Tone chose to rap about what he wanted to rap about
{*lights, smokes a joint, coughs*}
Yeah that's real cute
Security, will you get this guy outta here, thank you?
Well, it looks like we're running out of time right now
But before we go, do you have anything to say about this
See nobody ever gave a damn about a brother like me
Being in the industry
Back in eighty-three Run-D.M.C. was all we played in the hood
And that was good, the way it should be done
But now for me and Run things are a little bit different
Our record's on the hitlist
Everybody wants to buy the Candyman single
When the hip-hop starts, I'm crossin over to the pop charts
Poppin that junk about PMRC
Breasts are a part of the anatomy!
Rap attack the youth but yet the proof is unfounded
Sounded like a gunshot, Eazy got you grounded
Playing that record called ""{Fuck} the Police""
Loc got you smokin joints so buck up, peace
""Me So Horny"" got a record store owner arrested
And when a lady was molested
That's when the media suggested just a little too quick
Slick Rick's hit was the cause of it
Bull{shit}, I'm gettin real ticked off
One by one, another brother picked off
I know the name of the game but I won't play along
So I say jump your bones
Now how can one promote gang violence
By droppin science or english, cause I haven't seen this
No, what I mean is heard this
A young black rapper so you have to get nervous
Stereotype, a few of us might, but I just write
What you as the public want to tap into
They can't stop this so this is the way I GOTTA drop it
Today's topic",432,0.85,51,60,
candyman,CandyMan,11610571,Jiggy,https://genius.com/Candyman-jiggy-lyrics,"*Mom! Phineas and Ferb are making a title sequence.*
I be chasing all this paper, Like I gotta point to prove
I be chasing all this money, tryna chase that dividends
If the pipe don't buss, time to leave a nigga rocked
Ay Rob a nigga kicks, you could say that nigga socked, Ay
Pay a qualified hitta, he know how to do his job
Loot that nigga corpse, take his chain and take his watch
Nigga shining, buss him down and take his chain yuh
Couple bitches, and they hopping in the big benz
We bending corners strapped wit AKs like sum talibans
Throwing hunnids making bitches do the money dance
They like ""He stay sayin jiggy, what do jiggy mean?""
Nine times out of ten you get jiggy off a bean
But we sitchy, we stay jiggy, shit, that's what sitchy mean
Ridin' wraiths in LA, shit that's the sitchy dream
And when we get through, we ain't gon know what to do
We on sunset boulevard, we ain't gotta tote that tool
But we got it anyways, cause niggas love to act a fool
Say he gotta point to prove so we put him on the news
I been in my bag, I can't even talk
Me, chase a bitch? Man, I can't even walk
My opps is broke so they hide under the sink to get the sauce
I don't need no help, bitch I got it by myself
Drive-by hit the trunk, left him skunked, that boy was slumped
Michael Jordan, Glock 23, forty-piece, ayy
You can cuff the bop but that bitch still gon' run the team
You want a forty load, lil boy come shop with YJB
You really not the plug, lil boy you just the refugee
I'm just tryna make it, get that skrilla, feed the team
Ran off on the plug, buck the jack, I'm pullin' schemes, yeah",318,0.6666666666666666,30,45,9lokkNine; Cutthroat Louie
el_chojin,El Chojin,5091108,And You Don’t Stop,https://genius.com/El-chojin-and-you-dont-stop-lyrics,"I said a hip hop the hippie to the hippie
To the hip hip hop and you don't stop
I said a hip hop the hippie to the hippie
To the hip hip hop and you don't stop
I said a hip hop the hippie to the hippie
To the hip hip hop and you don't stop
I said a hip hop the hippie to the hippie
To the hip hip hop and you don't stop
I said a hip hop the hippie to the hippie
To the hip hip hop and you don't stop
I said a hip hop the hippie to the hippie
To the hip hip hop and you don't stop
I said a hip hop the hippie to the hippie
To the hip hip hop and you don't stop
I said a hip hop the hippie to the hippie
To the hip hip hop and you don't stop
(And you don't stop)
I said a hip hop the hippie to the hippie
To the hip hip hop and you don't stop
I said a hip hop the hippie to the hippie
To the hip hip hop and you don't stop
I said a hip hop the hippie to the hippie
To the hip hip hop and you don't stop
I said a hip hop the hippie to the hippie
To the hip hip hop and you don't stop
And you don't stop
And you don't stop
And you don't stop
And you don't stop",248,0.3493975903614458,29,83,Locus; ZPU
juan_magán,Juan Magán,2449040,Baila Conmigo,https://genius.com/Juan-magan-baila-conmigo-lyrics,"I'm about to lose control
Like there's no tomorrow
Come on let the feel
There's a fever taking hold
Like there's no tomorrow
Come on let the feel
Put your hands up, Reach for the ceiling
Hands up, Look like you mean it (Dibidi-bam-bam-bam-bam-bam)
I'm about to lose control
Like there's no tomorrow
Come on let the feel let go
There's a fever taking on
Like there's no tomorrow
Come on let the feel let go
I give you the green light to do whatever you like
Because baby anything can happen at the end of the night
Not shy, you're taking the bite
You do whatever you like, Eh-oh-oh-oh-oh
I give you the green light to do whatever you like
Because baby anything can happen at the end of the night
Not shy, you're taking the bite
You do whatever you like",143,0.5116279069767442,22,43,Luciana
juan_magán,Juan Magán,3876700,Echa Pa Aca,https://genius.com/Juan-magan-echa-pa-aca-lyrics,"History in the making
I'm a mover, shaker, go getta, hustler
Don't stop, get it, get it, baby, trust me
See those two women? Yeah, they just met, (jaja)
See those two women? Yeah, they just left
Up to the hotel room
You don't gotta be a psychic to know what comes next
How they do it, that new fajita, that ma-mamacita
Me and her be smoking reefer, she is such a eater
Got your bitch, she ain't picking up the cellphone
Early morning in the trap like fresh toast
In the hood, and I'm serving up the elbows
Bad, bad, oh she bad
Bad, bad, oh she bad
I'ma put her in a Porsche (woo)
She gon' ride like a sport",122,0.2285714285714285,16,70,Rj Word; Rich The Kid; Pitbull
juan_magán,Juan Magán,4335898,Internacional,https://genius.com/Juan-magan-internacional-lyrics,"México, Brasil, now we got a deal
This worldwide, hustlin' the rings
André Truth makes it happen, in Spanish he askin'
""Where the mota"" she laughin', I lit up and start macking, huh
Where you from, Ibiza? She say ""Palma Mallorca""
She wanna ride in my Porsche-a
Low-key ready to explore her
Her baddie is a baddie, she more than that with a fatty
Wanna hop in the Cadi', in L.A call me daddy
That's a fantasy, got me in it in the kitchen
Now she's after me, Colombiana, like a half a key
She on her knees with no limits, like Master P
I show her the big picture, that's a masterpiece
I can set you free with the key, El Chapo
She's a masterpiece, mix-breed Mulata
You wanna rock with me, I'm a G, a shotta
We leave from Miami as one
You and your friends come have fun
We'll see the Bahamas and Cuba
Eat, swim, jet ski and scuba
Life should be one big party
The final destination's your body
I'll do you like no one does",181,0.323943661971831,23,71,André Truth; CeeLo Green
juan_magán,Juan Magán,1942901,2fly,https://genius.com/Juan-magan-2fly-lyrics,"I don´t wanna make cry cry cry cry
I just wanna teach you fly, fly fly, fly
Just tonight forget the bla bla bla bla
I don´t wanna make cry cry cry cry
I just wanna teach you fly, fly fly, fly
Just tonight forget the bla bla bla bla
I want to be round and hang on in town
Dancing and shaking taking this ground
Out of control, sex in the pool
Similar colours with different pose
Let´s find the way to spend out the morning
I want to be round and hang on in tow
Dancing and shaking taking this ground
Out of control, sex in the pool
Similar colours with different pose
Spend out the morning morning morning
I don´t wanna make cry cry cry cry
I just wanna teach you fly, fly fly, fly
Just tonight forget the bla bla bla bla
Cause i´m thinking about you
I´m sure that I love you
Even if I am wrong
I can feel it so strong I can send it no more
Want to be round you kiss you and touch you
Bite you and hold you and satisfy
Don´t wanna hurt you no more i feel so alone we´ve got chill out
I don´t wanna make cry cry cry cry
I just wanna teach you fly, fly fly, fly
Just tonight forget the bla bla bla bla
I just wanna set you free
I just wanna make you fly
I don´t wanna make you cry",248,0.6808510638297872,32,47,
juan_magán,Juan Magán,2817336,Latina En Ibiza,https://genius.com/Juan-magan-latina-en-ibiza-lyrics,"Make this a night we will never forget
Feeling my own, then she goes
Trap that low, nice is all
Make this a night we will never forget
Feeling my own, then she goes
Trap that low, nice is all
Make this a night we will never forget
Feeling my own, then she goes
Trap that low, nice is all
Go, go, go, faster that we go, go, go, dance up
Go, go, go, faster that we go, go, go, dance up
Make this a night we will never forget
Feeling my own, then she goes
Trap that low, nice is all
Make this a night we will never forget
Feeling my own, then she goes
Trap that low, nice is all",122,0.288135593220339,17,59,Dasoul; Nayer
juan_magán,Juan Magán,12356744,Truth Or Dare,https://genius.com/Juan-magan-brando-and-eleni-foureira-truth-or-dare-lyrics,"Oh I, never been the one for conversation
No, don't be subtle, gimme some trouble
'Cause if we know what's coming, why we waiting, waiting?
Won't you stay with me? Don't stray from me
I want you for my own
Stay with me, don't stray from me
I'll give you what you want
Let's play truth or dare
You say what's it take to take you there
I'll tell you to go down slowly, your eyes on me
Let's play truth or dare
You say what’s it take to take you there
I'll tell you to go down slowly
I go first, you daring?
Take off your clothes, mami, 'cuz I'm begging
Come over closer, I need that special caring
Your caring, you caring?
Won't you stay with me? Don't stray from me
I want you for my own
Stay with me, don't stray from me
I'll give you what you want
Let's play truth or dare
You say what's it take to take you there
I'll tell you to go down slowly, your eyes on me
Let's play truth or dare
You say what’s it take to take you there
I'll tell you to go down slowly",198,0.4909090909090909,27,55,
juan_magán,Juan Magán,5039884,Pienso En El Momento,https://genius.com/Juan-magan-pienso-en-el-momento-lyrics,"Baby, make me your selection
Give me all that I've been asking for, asking for
That's not really know I
Can't you give me love and affection, reaction, attraction?
No man could block an election
I wanna let you know
I wanna let them know
I wanna let them, baby
Nothing compares to me that you're free
No gun could ever make me gun, gun, gun
Nobody care where we go, where we are
We got a place where we can go on
Go on, go on
Baby you should let me love you (Love you)
Let me be the one you go to
Tell me that you feel the same
Otherwise, a game is played
With your good love and protection
Show me the way
That's supposed to be (Yeah)
Uh, oh, oh, oh, oh, oh (We ain't stoppin', yeah)",141,0.2692307692307692,21,78,Eva Simons
juan_magán,Juan Magán,5042412,Murda,https://genius.com/Juan-magan-murda-lyrics,"I call it murda, you are killing my soul
I call it murda, but can't tell a soul
Don't want anybody to know
I call it murda, you are killing my soul
I call it murda, but can't tell a soul
Don't want anybody to know
Like a murder, he wrote, death to his soul, bang, bang
Don't wanna testify in court 'cause
Love is a dangerous game that we play
I'd rather get you naked, put your guns away, oh, yes
Love no other, you're the only one
He drives me crazy, crazy, oh, Father
Bless me with clarity 'cause this can't be me
I call it murda, you are killing my soul
I call it murda, but can't tell a soul
Don't want anybody to know
I call it murda, you are killing my soul
I call it murda, but can't tell a soul
Don't want anybody to know
And if I had a curse, I wouldn't have it no other way
Don't care what my friends say
I'll choose us on my worst days
Our anniversary, I called it a court date
Boy, I'm so crazy for you, don't know what to do, no, no
I call it murda, you are killing my soul
I call it murda, but can't tell a soul
Don't want anybody to know
I call it murda, you are killing my soul
I call it murda, but can't tell a soul
Don't want anybody to know
You can call it murda' on the beats, wow, yah
I know that you wonder where we've been, don't cha
And I'm gonna hit you where it hurts, that's what I do
They call it murda, murda, murda killin' with a flow
Code one-eight-seven, that's the one that you know
We call it murda, now we'll take it further
I call it murda, you are killing my soul
I call it murda, but can't tell a soul
Don't want anybody to know
I call it murda, you are killing my soul
I call it murda, but can't tell a soul
Don't want anybody to know",349,0.56,42,75,Shermanology
juan_magán,Juan Magán,1974785,For a night,https://genius.com/Juan-magan-for-a-night-lyrics,"I´m going crazy, I just wanna hear the beat of the night
You and me will get together live until the morning light
Get lost into your eyes, we will be hypnotized
With you I can touch the sky
I´m going crazy, I just wanna hear the beat of the night
Not searching for someone who give the typical love
Live the magic of the moment is but I wanna feel with you
It doesn´t have to be taboo
I'll show you what that I can do
I'll give you all the reasons why
Be concentrated you will see that all that matters now
It´s that we feel each other and dance to one another
And maybe will discover
That this is for a night
I´m going crazy, I just wanna hear the beat of the night
You and me will get together live until the morning light
Get lost into your eyes, we will be hypnotized
With you can touch the sky
Not searching for someone who give the typical love
Live the magic of the moment is but I wanna feel with you
It doesn´t have to be taboo
I'll show you what that I can do
I have a dream hope
You and I in the same home
I will be forever taking care of all of your dreams some
Looking at the blue sky like those clear eyes
I´m going crazy, I just wanna hear the beat of the night
You and me will get together live until the morning light
Get lost into your eyes, we will be hypnotized
With you can touch the sky
Not searching 4 someone who give the typical love
Live the magic of the moment is but I wanna feel with you
It doesn´t have to be taboo
I'll show you what that I can do
I´m going crazy, I just wanna hear the beat of the night
You and me will get together live until the morning light
Get lost into your eyes, we will be hypnotized
With you can touch the sky
Not searching 4 someone who give the typical love
Live the magic of the moment is but I wanna feel with you
It doesn´t have to be taboo
I'll show you what that I can do",380,0.875,42,48,
juan_magán,Juan Magán,8340229,DOSE,https://genius.com/Juan-magan-dose-lyrics,"Trynna' get that
Trynna′ get that
Trynna' get that
Trynna' get that
Trynna′ get that (OH OH OH OH OH)
Trynna′ get that (OH OH OH OH OH)
Trynna' get that (OH OH OH OH OH)
Trynna′ get that (OH OH OH OH OH)
Trynna' get that (OH OH OH OH OH)
Trynna′ get that (OH OH OH OH OH)
Trynna' get that (OH OH OH OH OH)
Trynna′ get that (OH OH OH OH OH)
Boom Boom in my room
Later, closer, far, late or soon
I won't forget your perfume
3 years ago in June
Boom boom boom boom in my room
If you need me please call me I'll be waiting for you
Trynna′ get that
Trynna′ get that
Trynna' get that
Trynna′ get that
Trynna' get that
Trynna′ get that
Trynna' get that
Trynna′ get that
Trynna' get that
Trynna' get that
Trynna′ get that
Trynna′ get that",152,0.4347826086956521,30,69,
juan_magán,Juan Magán,9127448,Quiero que sepas (English translation),https://genius.com/Juan-magan-quiero-que-sepas-english-translation-lyrics,"All of my friends ask me to forget you already
They don't know nor what they say
I'll never forget you
Connected and you don't answer
That doesn't interest you anymore
You passed through my life
To leave me without a way out
Every time I smell your perfume here
I want you to know
The letters that I've written for you
You'll never see thеm
I want you to know
How many songs I madе for you
You'll never listen
Tell me if you're happy now
No message and no more have I written to you
I didn't send them to you, no I didn't
I looked for you to know if you're alone
Or if there's another who gives you his warmth
I want you to know
I never left, baby
I never left, baby
All my friends ask me to stop talking about you
I want you back here
I know that you don't feel anything
It hurts to know that you used me to have a good time
Every time I smell your perfume here
I want you to know
I'll never forget you
I think of you and I entangled
The sweat from your body
I want you to know
I want you to know
I'll never forget you
I think of you and I entangled
The sweat from your body
I want you to know
I never left, baby
I never left, baby
I want you to know
The letters I've written for you
You'll never see them
I want you to know
How many songs I made for you
You'll never listen
Tell me if you're happy now
I never left, baby
I never left, baby
I want you to know
I'll never forget you
I think about you and I get entangled
The sweat from your body
I want you to know
I want you to know
I'll never forget you
I think about you and I get entangled
The sweat from your body
I want you to know
I never left, baby
(It's not romantic) I never left, baby
I never left, baby",352,0.7176470588235294,61,85,
ana_tijoux,Ana Tijoux,734860,Sube,https://genius.com/Ana-tijoux-sube-lyrics,"We dug the roots of evilness like the hex of a curse
Plant the seeds in the fertile soil of resistance
If there's a fruit, eat it so we return blessed to the dirt
Except for this work
Do know what you love
Yeah the tears, sweat and blood
Simultaneous death and the birth
Full cycle like a merry-go-round
All descend from wearing a crown to the burial ground
From the bottom up we're horizontal
They top down, hit them like a million raindrops
Hit them with a poncho
More than organized form the rivers ocean ponds flow
They try to shit on us, we turned them into composts
Tried to beef with us, they turned it into pot-roast
Crisis type of opportunity timeless like life's broke
In a flash they could crash like a stock market
Hot garbage, trash, we the cream of the crop harvest",147,0.2950819672131147,18,61,Invincible
ana_tijoux,Ana Tijoux,9942332,Tu sae,https://genius.com/Ana-tijoux-tu-sae-lyrics,"When them rebels come back around, them devils start backin' down
Pigs start crackin' down, see us and pat down
Brrap! Go the rounds and the cats will wave a gat around
Battin' down the hatches see the tears of the saddest clown
Black and brown unity, protecting our neighborhoods
By treating each other like neighbors would, the flavor is good
When it blends, you got served like Megan Good
Colonizers lying through they noses like they're made of wood
Jazz cats be studyin' Byrd like ornithology
The rap cats be breakin' down the words like etymology
The root of community is unity, plus communication
That clarity will bring illumination
Yo, we used to fantasize about this rap shit
Started on some brown and black shit
We stay doin' it and doin' it like practice
It's so many ears came to snatch this, the egg was hatched with
So many styles we hip hippity hopped it
On the beat that showed us where to chop it
The business jumped in with the optics
But the streets still told who got the props with
We were recipients wanted all the gold like olympians
So platinum plaques and we ain't ever goin' back to the trench again
Livin' our dreams so don't wake us with the pinch again
And if you don't know, now you know",224,0.2857142857142857,24,84,Talib Kweli; Posdnuos
ana_tijoux,Ana Tijoux,744189,Sube (feat. Invincible),https://genius.com/Ana-tijoux-sube-feat-invincible-lyrics,"We dug the roots of evilness like a hex or a curse
Plant the seeds in the fertile soil of resistance
If there's a fruit, eat it so we return blessed to the dirt
Except for this work
Do know what you love
Yeah the tears, sweat and blood
Simultaneous death and the birth
Full cycle like a merry-go-round
Ultrasound to wearing a crown to the burial ground
They top down, hit them like a million raindrops
More than organized form the rivers ocean ponds flow
They try to shit on us, we turned tit into compost
Tried to beef with us, they turned into pot-roast
Crisis type of opportunity timeless like clock's broke
In a flash they could crash like a stock market",124,0.3125,15,48,
